Time,empty_tx_1,MazF_tx_1,ChpB_tx_1,RelE_tx_1,YoeB_tx_1,YafO_tx_1,MqsR_tx_1,HigB_tx_1,HicA_tx_1,YhaV_tx_1,empty_rs_1,MazF_rs_1,ChpB_rs_1,RelE_rs_1,YoeB_rs_1,YafO_rs_1,MqsR_rs_1,HigB_rs_1,HicA_rs_1,YhaV_rs_1,empty_tx_2,MazF_tx_2,ChpB_tx_2,RelE_tx_2,YoeB_tx_2,YafO_tx_2,MqsR_tx_2,HigB_tx_2,HicA_tx_2,YhaV_tx_2,empty_rs_2,MazF_rs_2,ChpB_rs_2,RelE_rs_2,YoeB_rs_2,YafO_rs_2,MqsR_rs_2,HigB_rs_2,HicA_rs_2,YhaV_rs_2,empty_tx_3,MazF_tx_3,ChpB_tx_3,RelE_tx_3,YoeB_tx_3,YafO_tx_3,MqsR_tx_3,HigB_tx_3,HicA_tx_3,YhaV_tx_3,empty_rs_3,MazF_rs_3,ChpB_rs_3,RelE_rs_3,YoeB_rs_3,YafO_rs_3,MqsR_rs_3,HigB_rs_3,HicA_rs_3,YhaV_rs_3
5,0.078,0.072,0.066,0.076,0.067,0.058,0.07,0.066,0.066,0.062,0.072,0.081,0.077,0.077,0.073,0.066,0.057,0.059,0.062,0.054,0.078,0.078,0.074,0.07,0.07,0.06,0.06,0.064,0.063,0.063,0.081,0.08,0.074,0.075,0.071,0.069,0.07,0.057,0.071,0.066,0.101,0.085,0.088,0.078,0.083,0.073,0.066,0.069,0.069,0.064,0.08,0.083,0.077,0.081,0.075,0.08,0.076,0.068,0.076,0.062
10,0.079,0.073,0.067,0.076,0.069,0.063,0.079,0.068,0.068,0.064,0.076,0.085,0.079,0.08,0.076,0.071,0.061,0.062,0.063,0.057,0.082,0.078,0.079,0.07,0.071,0.063,0.062,0.067,0.066,0.067,0.085,0.083,0.075,0.077,0.073,0.072,0.073,0.06,0.074,0.068,0.104,0.091,0.095,0.075,0.083,0.077,0.07,0.07,0.073,0.067,0.084,0.085,0.077,0.082,0.077,0.082,0.081,0.074,0.08,0.068
15,0.083,0.075,0.069,0.077,0.072,0.065,0.084,0.07,0.07,0.066,0.079,0.087,0.082,0.083,0.079,0.073,0.066,0.065,0.065,0.06,0.089,0.08,0.08,0.071,0.073,0.067,0.064,0.069,0.069,0.069,0.089,0.086,0.078,0.08,0.077,0.076,0.074,0.063,0.077,0.071,0.109,0.093,0.098,0.078,0.085,0.077,0.074,0.071,0.077,0.069,0.088,0.089,0.079,0.084,0.08,0.085,0.095,0.072,0.085,0.073
20,0.088,0.075,0.071,0.079,0.073,0.068,0.085,0.071,0.072,0.068,0.083,0.092,0.085,0.086,0.083,0.076,0.071,0.068,0.068,0.063,0.093,0.08,0.083,0.073,0.076,0.07,0.066,0.071,0.072,0.072,0.093,0.089,0.081,0.083,0.08,0.079,0.077,0.067,0.08,0.074,0.112,0.096,0.1,0.077,0.085,0.077,0.076,0.073,0.081,0.072,0.092,0.092,0.082,0.087,0.083,0.088,0.098,0.074,0.089,0.074
25,0.091,0.076,0.073,0.081,0.075,0.071,0.088,0.072,0.075,0.07,0.088,0.095,0.087,0.089,0.087,0.08,0.074,0.07,0.071,0.067,0.096,0.083,0.085,0.075,0.077,0.073,0.068,0.074,0.073,0.074,0.097,0.093,0.083,0.086,0.084,0.083,0.079,0.069,0.081,0.078,0.117,0.098,0.1,0.08,0.086,0.079,0.081,0.074,0.084,0.074,0.097,0.096,0.085,0.09,0.086,0.091,0.099,0.077,0.088,0.078
30,0.095,0.076,0.074,0.082,0.077,0.074,0.095,0.074,0.078,0.072,0.092,0.099,0.091,0.093,0.09,0.083,0.076,0.073,0.074,0.07,0.101,0.083,0.088,0.078,0.078,0.076,0.07,0.076,0.076,0.078,0.102,0.097,0.087,0.09,0.087,0.088,0.083,0.073,0.082,0.081,0.123,0.099,0.1,0.079,0.088,0.08,0.083,0.075,0.088,0.077,0.102,0.099,0.089,0.093,0.09,0.096,0.106,0.08,0.09,0.085
35,0.1,0.078,0.075,0.083,0.08,0.076,0.097,0.076,0.082,0.074,0.097,0.104,0.095,0.097,0.095,0.088,0.081,0.077,0.078,0.074,0.105,0.085,0.093,0.078,0.08,0.079,0.073,0.079,0.081,0.081,0.108,0.104,0.091,0.095,0.092,0.093,0.086,0.078,0.086,0.086,0.126,0.097,0.101,0.08,0.089,0.084,0.085,0.077,0.091,0.081,0.106,0.104,0.093,0.097,0.095,0.102,0.111,0.084,0.097,0.091
40,0.105,0.08,0.076,0.084,0.081,0.078,0.102,0.079,0.085,0.076,0.103,0.109,0.1,0.101,0.1,0.092,0.083,0.079,0.082,0.078,0.112,0.086,0.098,0.081,0.081,0.084,0.076,0.081,0.083,0.084,0.115,0.11,0.096,0.1,0.096,0.098,0.09,0.083,0.091,0.091,0.129,0.098,0.103,0.082,0.092,0.086,0.091,0.078,0.097,0.084,0.112,0.11,0.099,0.102,0.101,0.107,0.112,0.088,0.1,0.095
45,0.113,0.082,0.077,0.085,0.083,0.082,0.101,0.08,0.088,0.079,0.109,0.115,0.105,0.106,0.104,0.097,0.086,0.083,0.087,0.082,0.118,0.088,0.103,0.083,0.084,0.087,0.079,0.083,0.087,0.088,0.123,0.118,0.102,0.105,0.102,0.104,0.092,0.09,0.096,0.096,0.133,0.099,0.104,0.085,0.094,0.087,0.096,0.08,0.106,0.088,0.118,0.116,0.105,0.106,0.108,0.115,0.118,0.093,0.106,0.101
50,0.12,0.084,0.078,0.088,0.086,0.084,0.097,0.08,0.091,0.081,0.114,0.121,0.112,0.11,0.108,0.103,0.089,0.088,0.095,0.086,0.122,0.09,0.109,0.085,0.086,0.09,0.082,0.086,0.091,0.092,0.131,0.127,0.108,0.111,0.108,0.109,0.095,0.096,0.103,0.102,0.14,0.101,0.104,0.089,0.097,0.09,0.097,0.082,0.106,0.092,0.125,0.125,0.113,0.112,0.116,0.12,0.115,0.099,0.113,0.107
55,0.128,0.086,0.078,0.088,0.088,0.086,0.102,0.082,0.092,0.085,0.121,0.127,0.118,0.116,0.112,0.107,0.094,0.092,0.101,0.091,0.126,0.091,0.113,0.09,0.088,0.092,0.085,0.089,0.094,0.095,0.139,0.135,0.116,0.117,0.115,0.114,0.096,0.103,0.112,0.108,0.143,0.105,0.106,0.093,0.098,0.092,0.1,0.084,0.105,0.095,0.131,0.132,0.124,0.119,0.124,0.128,0.114,0.103,0.12,0.114
60,0.128,0.086,0.079,0.091,0.09,0.087,0.101,0.084,0.094,0.087,0.128,0.133,0.124,0.12,0.116,0.112,0.098,0.097,0.101,0.097,0.129,0.094,0.118,0.09,0.088,0.095,0.087,0.091,0.1,0.097,0.145,0.142,0.122,0.124,0.123,0.119,0.101,0.111,0.122,0.115,0.144,0.105,0.109,0.096,0.101,0.093,0.099,0.086,0.108,0.098,0.14,0.139,0.132,0.124,0.127,0.135,0.113,0.108,0.128,0.12
65,0.135,0.089,0.08,0.093,0.091,0.088,0.101,0.085,0.096,0.089,0.135,0.141,0.129,0.126,0.122,0.117,0.102,0.102,0.1,0.103,0.136,0.095,0.117,0.093,0.09,0.096,0.089,0.093,0.107,0.099,0.153,0.146,0.129,0.131,0.13,0.125,0.111,0.117,0.131,0.122,0.147,0.108,0.109,0.099,0.103,0.094,0.101,0.088,0.113,0.101,0.146,0.147,0.138,0.132,0.127,0.143,0.115,0.113,0.138,0.127
70,0.136,0.088,0.08,0.094,0.093,0.09,0.105,0.087,0.101,0.09,0.142,0.148,0.136,0.131,0.127,0.122,0.108,0.106,0.103,0.11,0.145,0.098,0.121,0.095,0.091,0.098,0.09,0.095,0.117,0.101,0.157,0.153,0.136,0.139,0.138,0.131,0.123,0.123,0.138,0.13,0.153,0.11,0.113,0.104,0.105,0.096,0.099,0.089,0.119,0.103,0.154,0.155,0.144,0.139,0.128,0.151,0.121,0.118,0.149,0.134
75,0.147,0.089,0.081,0.096,0.094,0.091,0.108,0.089,0.104,0.092,0.153,0.158,0.142,0.138,0.133,0.129,0.113,0.112,0.109,0.116,0.15,0.099,0.122,0.097,0.092,0.101,0.092,0.096,0.125,0.102,0.163,0.16,0.139,0.147,0.145,0.138,0.128,0.129,0.146,0.139,0.16,0.112,0.115,0.108,0.107,0.097,0.1,0.091,0.131,0.106,0.169,0.161,0.147,0.145,0.138,0.16,0.129,0.124,0.162,0.142
80,0.156,0.091,0.082,0.099,0.095,0.092,0.107,0.091,0.104,0.093,0.161,0.167,0.147,0.144,0.14,0.132,0.12,0.12,0.114,0.12,0.159,0.1,0.121,0.099,0.094,0.102,0.092,0.098,0.131,0.103,0.168,0.168,0.144,0.158,0.153,0.145,0.135,0.133,0.155,0.148,0.164,0.113,0.117,0.11,0.109,0.097,0.1,0.091,0.141,0.115,0.174,0.17,0.158,0.151,0.154,0.169,0.138,0.131,0.173,0.151
85,0.162,0.089,0.083,0.099,0.096,0.093,0.11,0.092,0.105,0.095,0.169,0.177,0.152,0.153,0.147,0.139,0.129,0.127,0.121,0.126,0.165,0.102,0.124,0.101,0.095,0.103,0.093,0.099,0.136,0.104,0.178,0.173,0.151,0.16,0.16,0.153,0.142,0.138,0.166,0.156,0.175,0.114,0.118,0.114,0.11,0.098,0.102,0.092,0.148,0.114,0.185,0.178,0.167,0.152,0.163,0.179,0.146,0.139,0.185,0.16
90,0.17,0.09,0.084,0.099,0.097,0.093,0.106,0.091,0.106,0.096,0.177,0.188,0.157,0.16,0.155,0.144,0.136,0.134,0.128,0.131,0.179,0.103,0.125,0.104,0.096,0.104,0.094,0.1,0.14,0.104,0.188,0.178,0.163,0.165,0.168,0.162,0.151,0.142,0.176,0.165,0.182,0.116,0.12,0.113,0.111,0.1,0.102,0.094,0.152,0.115,0.194,0.188,0.178,0.156,0.164,0.188,0.148,0.146,0.196,0.169
95,0.179,0.09,0.085,0.101,0.098,0.094,0.104,0.091,0.108,0.097,0.181,0.196,0.163,0.169,0.164,0.153,0.14,0.141,0.136,0.139,0.188,0.107,0.125,0.107,0.097,0.105,0.094,0.102,0.146,0.105,0.201,0.185,0.176,0.172,0.177,0.171,0.16,0.151,0.188,0.172,0.188,0.116,0.124,0.111,0.113,0.101,0.103,0.095,0.16,0.116,0.198,0.2,0.185,0.162,0.167,0.198,0.154,0.155,0.215,0.178
100,0.194,0.09,0.085,0.102,0.098,0.095,0.103,0.092,0.111,0.098,0.188,0.205,0.172,0.176,0.172,0.16,0.143,0.147,0.144,0.147,0.196,0.105,0.122,0.11,0.098,0.107,0.094,0.103,0.155,0.107,0.215,0.192,0.188,0.186,0.187,0.182,0.171,0.162,0.201,0.181,0.203,0.115,0.123,0.109,0.114,0.101,0.104,0.096,0.168,0.116,0.202,0.211,0.191,0.17,0.176,0.209,0.182,0.164,0.234,0.193
105,0.206,0.089,0.086,0.104,0.099,0.095,0.104,0.093,0.115,0.099,0.202,0.214,0.181,0.185,0.182,0.168,0.149,0.152,0.154,0.156,0.213,0.105,0.122,0.111,0.099,0.107,0.095,0.105,0.164,0.107,0.23,0.204,0.202,0.187,0.198,0.193,0.182,0.179,0.215,0.19,0.21,0.114,0.121,0.109,0.115,0.102,0.105,0.097,0.177,0.118,0.212,0.223,0.197,0.18,0.186,0.22,0.189,0.173,0.238,0.2
110,0.215,0.091,0.087,0.106,0.098,0.096,0.102,0.093,0.118,0.101,0.219,0.221,0.192,0.193,0.192,0.178,0.166,0.157,0.163,0.165,0.226,0.118,0.121,0.111,0.099,0.109,0.095,0.106,0.173,0.109,0.246,0.216,0.213,0.197,0.208,0.206,0.192,0.198,0.23,0.199,0.229,0.117,0.125,0.111,0.117,0.104,0.105,0.098,0.188,0.122,0.227,0.231,0.207,0.193,0.198,0.23,0.198,0.184,0.257,0.211
115,0.222,0.09,0.088,0.107,0.1,0.098,0.104,0.094,0.123,0.102,0.235,0.227,0.201,0.202,0.203,0.187,0.185,0.164,0.174,0.175,0.237,0.105,0.122,0.109,0.101,0.11,0.095,0.108,0.183,0.111,0.266,0.229,0.225,0.211,0.22,0.218,0.204,0.209,0.246,0.209,0.237,0.118,0.125,0.111,0.118,0.104,0.106,0.101,0.198,0.124,0.246,0.24,0.22,0.206,0.209,0.24,0.213,0.195,0.274,0.223
120,0.24,0.092,0.088,0.108,0.101,0.099,0.104,0.094,0.127,0.103,0.252,0.233,0.212,0.21,0.215,0.199,0.195,0.176,0.186,0.186,0.251,0.106,0.123,0.11,0.101,0.111,0.096,0.109,0.194,0.113,0.286,0.244,0.236,0.225,0.233,0.232,0.218,0.217,0.262,0.22,0.268,0.115,0.122,0.112,0.119,0.105,0.107,0.102,0.208,0.126,0.265,0.241,0.234,0.218,0.222,0.254,0.226,0.208,0.295,0.244
125,0.252,0.093,0.089,0.109,0.101,0.1,0.103,0.097,0.132,0.104,0.269,0.243,0.224,0.216,0.228,0.211,0.201,0.197,0.198,0.198,0.272,0.107,0.124,0.107,0.102,0.112,0.097,0.111,0.205,0.114,0.308,0.259,0.244,0.239,0.247,0.247,0.233,0.225,0.281,0.233,0.268,0.114,0.12,0.114,0.119,0.105,0.107,0.102,0.22,0.128,0.286,0.252,0.246,0.229,0.235,0.266,0.244,0.22,0.315,0.249
130,0.275,0.092,0.09,0.109,0.1,0.101,0.105,0.097,0.135,0.106,0.287,0.254,0.236,0.224,0.243,0.224,0.211,0.222,0.212,0.207,0.289,0.107,0.124,0.107,0.103,0.113,0.098,0.111,0.217,0.115,0.332,0.273,0.253,0.255,0.26,0.263,0.25,0.238,0.301,0.243,0.275,0.114,0.118,0.113,0.117,0.107,0.107,0.104,0.233,0.131,0.305,0.266,0.259,0.239,0.25,0.284,0.262,0.234,0.337,0.263
135,0.289,0.095,0.09,0.111,0.101,0.101,0.104,0.097,0.14,0.108,0.308,0.268,0.249,0.234,0.254,0.237,0.223,0.233,0.226,0.213,0.316,0.106,0.125,0.108,0.104,0.113,0.099,0.113,0.23,0.118,0.358,0.291,0.265,0.274,0.276,0.279,0.265,0.252,0.333,0.254,0.301,0.113,0.116,0.114,0.114,0.108,0.109,0.105,0.246,0.134,0.325,0.281,0.273,0.251,0.263,0.303,0.279,0.248,0.36,0.277
140,0.305,0.093,0.091,0.11,0.101,0.102,0.105,0.097,0.145,0.109,0.33,0.284,0.261,0.245,0.268,0.252,0.238,0.236,0.241,0.219,0.333,0.106,0.126,0.109,0.105,0.116,0.1,0.113,0.249,0.119,0.384,0.307,0.28,0.289,0.292,0.297,0.279,0.272,0.344,0.265,0.316,0.111,0.112,0.115,0.112,0.108,0.11,0.106,0.259,0.137,0.349,0.298,0.287,0.265,0.278,0.322,0.297,0.263,0.382,0.293
145,0.326,0.097,0.092,0.111,0.101,0.104,0.104,0.098,0.151,0.111,0.352,0.3,0.275,0.263,0.282,0.267,0.255,0.245,0.257,0.226,0.35,0.107,0.127,0.111,0.106,0.117,0.1,0.112,0.267,0.121,0.405,0.326,0.299,0.304,0.311,0.316,0.296,0.29,0.365,0.278,0.338,0.113,0.112,0.119,0.112,0.11,0.113,0.105,0.275,0.139,0.373,0.317,0.303,0.278,0.296,0.339,0.315,0.28,0.406,0.308
150,0.348,0.095,0.092,0.111,0.103,0.104,0.105,0.099,0.156,0.112,0.374,0.319,0.29,0.276,0.296,0.283,0.27,0.255,0.275,0.236,0.383,0.107,0.127,0.112,0.107,0.118,0.101,0.111,0.273,0.122,0.432,0.345,0.312,0.316,0.328,0.33,0.314,0.31,0.388,0.29,0.359,0.116,0.112,0.119,0.112,0.111,0.114,0.104,0.29,0.144,0.398,0.334,0.32,0.293,0.312,0.355,0.337,0.295,0.428,0.323
155,0.36,0.096,0.093,0.113,0.102,0.104,0.107,0.099,0.162,0.113,0.396,0.334,0.305,0.294,0.31,0.297,0.287,0.268,0.292,0.245,0.399,0.107,0.13,0.113,0.11,0.119,0.103,0.114,0.289,0.124,0.455,0.364,0.33,0.332,0.345,0.347,0.335,0.329,0.409,0.302,0.379,0.114,0.113,0.119,0.11,0.113,0.115,0.102,0.306,0.147,0.423,0.354,0.339,0.305,0.329,0.372,0.355,0.314,0.452,0.338
160,0.383,0.096,0.093,0.115,0.102,0.104,0.108,0.1,0.169,0.114,0.419,0.35,0.32,0.309,0.323,0.31,0.305,0.282,0.309,0.256,0.43,0.107,0.129,0.111,0.109,0.12,0.103,0.109,0.305,0.125,0.477,0.382,0.349,0.351,0.365,0.364,0.353,0.347,0.431,0.314,0.394,0.114,0.113,0.121,0.113,0.113,0.116,0.101,0.322,0.152,0.448,0.371,0.359,0.319,0.347,0.391,0.376,0.334,0.475,0.354
165,0.403,0.097,0.093,0.116,0.103,0.105,0.108,0.1,0.176,0.114,0.442,0.368,0.337,0.323,0.338,0.325,0.323,0.296,0.326,0.265,0.457,0.109,0.129,0.112,0.11,0.121,0.104,0.109,0.322,0.127,0.5,0.402,0.37,0.371,0.385,0.381,0.375,0.369,0.454,0.326,0.436,0.116,0.114,0.123,0.113,0.115,0.118,0.101,0.339,0.157,0.47,0.387,0.381,0.335,0.367,0.404,0.4,0.353,0.498,0.37
170,0.42,0.096,0.093,0.118,0.103,0.106,0.11,0.099,0.184,0.115,0.464,0.384,0.355,0.334,0.353,0.341,0.339,0.312,0.343,0.275,0.46,0.11,0.13,0.113,0.111,0.122,0.105,0.11,0.339,0.129,0.523,0.423,0.391,0.389,0.406,0.399,0.397,0.391,0.477,0.337,0.5,0.119,0.116,0.124,0.112,0.116,0.119,0.101,0.357,0.163,0.5,0.407,0.402,0.349,0.386,0.4,0.423,0.371,0.518,0.386
175,0.424,0.099,0.093,0.118,0.102,0.108,0.109,0.098,0.192,0.115,0.484,0.402,0.373,0.348,0.369,0.355,0.357,0.33,0.361,0.286,0.483,0.11,0.13,0.114,0.112,0.124,0.104,0.112,0.358,0.13,0.546,0.445,0.413,0.408,0.427,0.418,0.417,0.414,0.497,0.352,0.484,0.117,0.117,0.127,0.113,0.121,0.12,0.103,0.373,0.17,0.516,0.425,0.424,0.365,0.407,0.396,0.444,0.391,0.54,0.4
180,0.463,0.099,0.094,0.117,0.102,0.108,0.11,0.097,0.201,0.116,0.505,0.419,0.391,0.357,0.385,0.369,0.378,0.345,0.378,0.296,0.558,0.112,0.13,0.115,0.112,0.125,0.104,0.114,0.374,0.133,0.568,0.468,0.437,0.424,0.448,0.436,0.44,0.436,0.518,0.364,0.498,0.119,0.116,0.129,0.113,0.119,0.121,0.102,0.39,0.178,0.538,0.442,0.445,0.38,0.43,0.404,0.468,0.409,0.56,0.415
185,0.532,0.097,0.094,0.116,0.102,0.108,0.111,0.096,0.21,0.117,0.526,0.438,0.406,0.37,0.402,0.383,0.399,0.363,0.394,0.306,0.598,0.113,0.132,0.118,0.113,0.126,0.102,0.114,0.392,0.135,0.59,0.49,0.459,0.438,0.469,0.454,0.463,0.459,0.538,0.378,0.516,0.119,0.117,0.13,0.113,0.12,0.121,0.103,0.405,0.186,0.561,0.463,0.466,0.395,0.451,0.423,0.488,0.429,0.579,0.431
190,0.549,0.097,0.094,0.116,0.102,0.108,0.111,0.096,0.218,0.118,0.545,0.457,0.426,0.382,0.418,0.396,0.419,0.379,0.411,0.317,0.609,0.113,0.13,0.12,0.114,0.127,0.101,0.115,0.407,0.137,0.61,0.511,0.48,0.451,0.49,0.474,0.482,0.483,0.557,0.39,0.529,0.122,0.117,0.131,0.114,0.122,0.121,0.102,0.421,0.198,0.581,0.483,0.487,0.408,0.471,0.445,0.507,0.448,0.598,0.446
195,0.563,0.098,0.095,0.115,0.101,0.109,0.11,0.096,0.226,0.118,0.564,0.477,0.443,0.392,0.435,0.412,0.439,0.395,0.427,0.329,0.625,0.114,0.13,0.119,0.115,0.127,0.099,0.111,0.424,0.139,0.631,0.534,0.501,0.467,0.512,0.492,0.501,0.505,0.576,0.402,0.546,0.123,0.116,0.131,0.114,0.122,0.119,0.1,0.436,0.216,0.603,0.501,0.508,0.423,0.493,0.468,0.527,0.466,0.616,0.461
200,0.574,0.097,0.096,0.115,0.1,0.108,0.111,0.096,0.234,0.121,0.586,0.496,0.462,0.404,0.451,0.424,0.457,0.409,0.441,0.339,0.639,0.114,0.133,0.12,0.116,0.128,0.099,0.109,0.44,0.141,0.653,0.557,0.519,0.483,0.53,0.512,0.522,0.527,0.595,0.416,0.563,0.125,0.118,0.136,0.114,0.123,0.117,0.1,0.451,0.226,0.623,0.521,0.532,0.437,0.511,0.487,0.546,0.484,0.634,0.476
205,0.585,0.098,0.096,0.114,0.1,0.108,0.11,0.098,0.241,0.12,0.603,0.514,0.482,0.413,0.467,0.437,0.474,0.424,0.457,0.35,0.654,0.112,0.134,0.121,0.117,0.129,0.1,0.109,0.454,0.144,0.672,0.578,0.54,0.499,0.549,0.53,0.54,0.548,0.612,0.43,0.579,0.127,0.117,0.136,0.115,0.126,0.115,0.098,0.463,0.237,0.643,0.54,0.556,0.447,0.53,0.504,0.562,0.501,0.651,0.49
210,0.597,0.097,0.097,0.114,0.101,0.108,0.11,0.101,0.249,0.122,0.621,0.532,0.502,0.422,0.481,0.448,0.49,0.439,0.471,0.361,0.668,0.113,0.134,0.122,0.119,0.128,0.101,0.108,0.469,0.146,0.691,0.598,0.561,0.515,0.569,0.542,0.557,0.565,0.628,0.443,0.595,0.126,0.118,0.139,0.115,0.126,0.114,0.098,0.476,0.251,0.659,0.56,0.577,0.462,0.55,0.519,0.579,0.52,0.666,0.504
215,0.606,0.098,0.097,0.112,0.1,0.11,0.11,0.102,0.258,0.122,0.639,0.549,0.523,0.434,0.496,0.457,0.506,0.454,0.486,0.371,0.665,0.116,0.136,0.123,0.119,0.13,0.102,0.109,0.483,0.148,0.708,0.618,0.58,0.531,0.587,0.556,0.572,0.586,0.646,0.456,0.609,0.131,0.116,0.141,0.115,0.127,0.116,0.099,0.489,0.263,0.679,0.579,0.601,0.473,0.568,0.53,0.596,0.536,0.683,0.52
220,0.608,0.101,0.098,0.111,0.102,0.11,0.11,0.101,0.266,0.123,0.657,0.566,0.542,0.445,0.511,0.462,0.519,0.47,0.5,0.383,0.676,0.113,0.136,0.124,0.122,0.13,0.104,0.109,0.498,0.151,0.725,0.637,0.602,0.548,0.605,0.565,0.587,0.602,0.661,0.47,0.624,0.129,0.117,0.142,0.116,0.13,0.12,0.099,0.503,0.275,0.696,0.598,0.624,0.486,0.585,0.536,0.611,0.554,0.697,0.534
225,0.623,0.098,0.099,0.111,0.101,0.111,0.111,0.099,0.275,0.125,0.672,0.583,0.564,0.455,0.524,0.468,0.533,0.484,0.513,0.394,0.692,0.117,0.138,0.125,0.122,0.13,0.107,0.111,0.512,0.153,0.74,0.657,0.622,0.565,0.62,0.575,0.603,0.621,0.677,0.484,0.639,0.133,0.118,0.144,0.116,0.13,0.125,0.099,0.514,0.287,0.711,0.614,0.641,0.498,0.602,0.542,0.622,0.57,0.711,0.549
230,0.632,0.099,0.097,0.11,0.101,0.111,0.112,0.097,0.283,0.126,0.686,0.6,0.585,0.465,0.537,0.475,0.546,0.497,0.526,0.406,0.693,0.118,0.137,0.126,0.125,0.13,0.108,0.111,0.526,0.156,0.755,0.675,0.642,0.581,0.638,0.588,0.616,0.64,0.691,0.497,0.652,0.132,0.116,0.149,0.116,0.131,0.127,0.101,0.527,0.297,0.725,0.633,0.663,0.508,0.619,0.55,0.638,0.585,0.724,0.561
235,0.637,0.1,0.099,0.11,0.101,0.112,0.116,0.097,0.292,0.129,0.7,0.617,0.603,0.475,0.551,0.483,0.558,0.509,0.538,0.416,0.716,0.117,0.139,0.127,0.126,0.13,0.111,0.113,0.539,0.16,0.769,0.692,0.663,0.596,0.653,0.601,0.63,0.657,0.706,0.512,0.673,0.133,0.118,0.154,0.116,0.132,0.126,0.102,0.541,0.305,0.738,0.651,0.685,0.522,0.635,0.562,0.653,0.601,0.738,0.575
240,0.651,0.1,0.1,0.11,0.101,0.113,0.121,0.097,0.301,0.131,0.713,0.631,0.619,0.483,0.563,0.493,0.571,0.522,0.551,0.428,0.71,0.119,0.137,0.129,0.127,0.129,0.114,0.115,0.551,0.164,0.783,0.709,0.684,0.614,0.668,0.612,0.641,0.673,0.719,0.525,0.681,0.135,0.118,0.159,0.116,0.133,0.12,0.103,0.552,0.308,0.753,0.665,0.701,0.535,0.651,0.574,0.665,0.614,0.749,0.59
245,0.658,0.102,0.101,0.11,0.101,0.114,0.126,0.097,0.309,0.134,0.727,0.646,0.638,0.496,0.573,0.503,0.582,0.534,0.561,0.44,0.715,0.121,0.139,0.13,0.129,0.129,0.116,0.116,0.566,0.169,0.795,0.725,0.7,0.629,0.682,0.625,0.654,0.688,0.732,0.54,0.693,0.134,0.118,0.165,0.115,0.134,0.115,0.103,0.565,0.313,0.765,0.681,0.722,0.547,0.665,0.587,0.679,0.625,0.76,0.603
250,0.661,0.1,0.102,0.11,0.101,0.115,0.129,0.098,0.317,0.135,0.737,0.66,0.653,0.505,0.584,0.512,0.593,0.545,0.573,0.452,0.719,0.118,0.141,0.133,0.129,0.132,0.12,0.119,0.58,0.174,0.807,0.739,0.721,0.645,0.696,0.636,0.667,0.704,0.744,0.556,0.702,0.139,0.119,0.17,0.115,0.136,0.114,0.106,0.578,0.322,0.777,0.695,0.74,0.558,0.68,0.597,0.686,0.639,0.773,0.618
255,0.666,0.102,0.102,0.109,0.101,0.115,0.13,0.099,0.326,0.138,0.749,0.672,0.669,0.515,0.595,0.523,0.604,0.556,0.583,0.465,0.728,0.124,0.14,0.135,0.133,0.131,0.123,0.12,0.593,0.179,0.817,0.751,0.734,0.66,0.709,0.647,0.677,0.718,0.757,0.574,0.714,0.141,0.119,0.184,0.115,0.137,0.114,0.107,0.592,0.331,0.79,0.709,0.756,0.574,0.693,0.609,0.699,0.649,0.783,0.631
260,0.679,0.1,0.102,0.109,0.102,0.117,0.129,0.099,0.335,0.141,0.76,0.684,0.685,0.523,0.604,0.531,0.615,0.566,0.593,0.479,0.741,0.126,0.14,0.138,0.135,0.131,0.126,0.122,0.606,0.187,0.829,0.766,0.751,0.675,0.72,0.659,0.69,0.73,0.768,0.593,0.724,0.141,0.119,0.192,0.116,0.14,0.113,0.109,0.603,0.339,0.799,0.722,0.769,0.586,0.705,0.62,0.708,0.663,0.795,0.648
265,0.684,0.102,0.104,0.109,0.102,0.118,0.127,0.1,0.342,0.143,0.769,0.696,0.698,0.533,0.613,0.54,0.625,0.577,0.603,0.493,0.745,0.126,0.14,0.14,0.137,0.132,0.129,0.126,0.619,0.196,0.84,0.778,0.765,0.689,0.732,0.668,0.699,0.744,0.78,0.617,0.729,0.142,0.121,0.203,0.114,0.141,0.117,0.112,0.616,0.346,0.81,0.734,0.786,0.596,0.716,0.631,0.717,0.673,0.804,0.662
270,0.697,0.102,0.103,0.11,0.102,0.12,0.128,0.102,0.351,0.146,0.78,0.708,0.71,0.542,0.623,0.549,0.634,0.586,0.613,0.506,0.755,0.123,0.144,0.143,0.141,0.134,0.132,0.129,0.631,0.204,0.849,0.789,0.776,0.702,0.745,0.679,0.708,0.756,0.793,0.642,0.74,0.147,0.122,0.237,0.115,0.142,0.119,0.112,0.626,0.355,0.82,0.747,0.795,0.607,0.729,0.64,0.728,0.685,0.813,0.674
275,0.7,0.101,0.104,0.11,0.105,0.12,0.127,0.104,0.361,0.149,0.789,0.719,0.721,0.553,0.632,0.56,0.643,0.598,0.621,0.521,0.762,0.126,0.144,0.143,0.143,0.136,0.137,0.13,0.643,0.213,0.858,0.799,0.793,0.714,0.753,0.691,0.715,0.767,0.8,0.668,0.748,0.146,0.121,0.246,0.115,0.143,0.122,0.117,0.636,0.363,0.829,0.759,0.808,0.618,0.742,0.65,0.727,0.696,0.823,0.692
280,0.718,0.102,0.105,0.11,0.103,0.121,0.128,0.106,0.368,0.152,0.798,0.728,0.731,0.56,0.642,0.565,0.651,0.606,0.63,0.537,0.777,0.123,0.144,0.144,0.145,0.136,0.139,0.132,0.654,0.224,0.868,0.811,0.801,0.728,0.766,0.7,0.725,0.778,0.81,0.687,0.758,0.145,0.122,0.258,0.114,0.147,0.124,0.117,0.648,0.372,0.839,0.77,0.817,0.629,0.752,0.66,0.747,0.707,0.834,0.706
285,0.725,0.103,0.107,0.111,0.104,0.122,0.13,0.107,0.376,0.156,0.806,0.738,0.741,0.565,0.649,0.575,0.659,0.617,0.639,0.548,0.783,0.129,0.147,0.148,0.148,0.138,0.144,0.136,0.667,0.236,0.876,0.822,0.812,0.737,0.775,0.71,0.732,0.789,0.82,0.704,0.767,0.149,0.122,0.266,0.116,0.149,0.126,0.121,0.659,0.38,0.849,0.777,0.829,0.639,0.763,0.668,0.756,0.715,0.841,0.715
290,0.732,0.103,0.106,0.112,0.104,0.124,0.132,0.11,0.383,0.16,0.814,0.746,0.752,0.573,0.658,0.583,0.667,0.622,0.647,0.56,0.795,0.126,0.149,0.149,0.153,0.138,0.148,0.138,0.677,0.248,0.884,0.832,0.825,0.75,0.785,0.717,0.741,0.8,0.829,0.71,0.773,0.152,0.122,0.278,0.114,0.152,0.127,0.123,0.67,0.39,0.858,0.787,0.84,0.65,0.772,0.674,0.754,0.726,0.852,0.731
295,0.736,0.106,0.105,0.114,0.106,0.124,0.135,0.11,0.391,0.165,0.821,0.754,0.759,0.579,0.665,0.59,0.674,0.633,0.655,0.571,0.798,0.132,0.148,0.154,0.156,0.14,0.152,0.14,0.683,0.262,0.892,0.841,0.834,0.76,0.795,0.724,0.747,0.81,0.839,0.721,0.778,0.152,0.125,0.287,0.114,0.153,0.129,0.125,0.68,0.399,0.865,0.796,0.849,0.658,0.782,0.684,0.763,0.737,0.858,0.744
300,0.729,0.106,0.11,0.116,0.106,0.125,0.138,0.112,0.401,0.169,0.83,0.765,0.768,0.583,0.673,0.598,0.681,0.642,0.663,0.582,0.815,0.131,0.15,0.159,0.163,0.142,0.157,0.142,0.692,0.273,0.9,0.851,0.843,0.772,0.806,0.734,0.754,0.821,0.849,0.733,0.784,0.155,0.123,0.296,0.113,0.154,0.133,0.126,0.685,0.406,0.872,0.805,0.858,0.668,0.792,0.693,0.777,0.745,0.868,0.758
305,0.745,0.105,0.109,0.117,0.107,0.128,0.143,0.114,0.407,0.173,0.838,0.772,0.773,0.588,0.681,0.602,0.687,0.649,0.669,0.591,0.817,0.13,0.15,0.164,0.166,0.144,0.162,0.145,0.7,0.284,0.907,0.861,0.85,0.782,0.813,0.738,0.761,0.829,0.858,0.743,0.789,0.16,0.124,0.306,0.114,0.155,0.135,0.128,0.689,0.416,0.88,0.813,0.867,0.678,0.8,0.701,0.777,0.752,0.875,0.768
310,0.752,0.105,0.11,0.119,0.108,0.129,0.147,0.116,0.416,0.178,0.844,0.781,0.784,0.593,0.689,0.61,0.694,0.658,0.677,0.599,0.828,0.132,0.152,0.17,0.171,0.144,0.167,0.147,0.709,0.292,0.914,0.868,0.859,0.791,0.822,0.748,0.767,0.838,0.866,0.754,0.797,0.163,0.128,0.316,0.113,0.16,0.138,0.129,0.692,0.424,0.888,0.822,0.874,0.683,0.811,0.708,0.791,0.764,0.883,0.779
315,0.751,0.106,0.11,0.121,0.108,0.13,0.152,0.117,0.423,0.183,0.853,0.786,0.791,0.6,0.695,0.615,0.699,0.664,0.684,0.611,0.833,0.133,0.153,0.177,0.179,0.148,0.173,0.15,0.718,0.3,0.921,0.875,0.871,0.802,0.829,0.754,0.773,0.849,0.875,0.765,0.8,0.163,0.129,0.323,0.114,0.161,0.141,0.131,0.7,0.432,0.893,0.833,0.881,0.689,0.818,0.716,0.792,0.77,0.889,0.792
320,0.76,0.108,0.111,0.124,0.111,0.131,0.157,0.118,0.431,0.188,0.858,0.795,0.797,0.607,0.702,0.624,0.704,0.672,0.691,0.622,0.842,0.136,0.154,0.183,0.183,0.147,0.18,0.152,0.728,0.31,0.928,0.883,0.88,0.811,0.841,0.759,0.777,0.858,0.883,0.774,0.806,0.16,0.128,0.335,0.114,0.164,0.143,0.132,0.703,0.441,0.902,0.84,0.888,0.698,0.828,0.723,0.8,0.778,0.897,0.805
325,0.768,0.109,0.113,0.126,0.11,0.132,0.161,0.12,0.439,0.192,0.866,0.801,0.807,0.613,0.71,0.625,0.71,0.68,0.698,0.632,0.851,0.137,0.156,0.189,0.189,0.15,0.186,0.155,0.736,0.32,0.935,0.891,0.89,0.821,0.847,0.768,0.785,0.868,0.892,0.785,0.814,0.169,0.129,0.345,0.114,0.163,0.144,0.133,0.712,0.452,0.907,0.847,0.897,0.705,0.836,0.731,0.809,0.786,0.904,0.812
330,0.772,0.109,0.112,0.127,0.111,0.133,0.167,0.121,0.448,0.198,0.871,0.808,0.81,0.62,0.718,0.633,0.715,0.688,0.704,0.642,0.857,0.141,0.156,0.195,0.195,0.153,0.192,0.157,0.74,0.326,0.94,0.9,0.894,0.832,0.855,0.773,0.79,0.877,0.898,0.795,0.819,0.174,0.131,0.354,0.115,0.168,0.148,0.133,0.72,0.458,0.913,0.857,0.903,0.709,0.843,0.736,0.813,0.794,0.91,0.828
335,0.774,0.11,0.114,0.13,0.111,0.134,0.173,0.122,0.455,0.206,0.876,0.816,0.818,0.627,0.722,0.638,0.719,0.695,0.711,0.65,0.86,0.142,0.157,0.202,0.204,0.154,0.197,0.16,0.744,0.332,0.944,0.908,0.901,0.841,0.863,0.778,0.794,0.885,0.907,0.808,0.829,0.175,0.134,0.362,0.115,0.17,0.149,0.135,0.729,0.468,0.92,0.864,0.904,0.717,0.853,0.741,0.819,0.805,0.916,0.838
340,0.777,0.112,0.117,0.134,0.113,0.134,0.179,0.124,0.463,0.211,0.883,0.822,0.824,0.634,0.728,0.643,0.724,0.7,0.718,0.659,0.865,0.138,0.161,0.211,0.212,0.155,0.202,0.162,0.749,0.337,0.951,0.914,0.906,0.85,0.869,0.783,0.8,0.894,0.912,0.817,0.835,0.181,0.135,0.373,0.116,0.171,0.151,0.136,0.736,0.478,0.925,0.87,0.909,0.723,0.862,0.745,0.823,0.813,0.923,0.849
345,0.781,0.111,0.116,0.141,0.114,0.136,0.185,0.125,0.471,0.218,0.888,0.829,0.83,0.642,0.735,0.648,0.729,0.707,0.723,0.668,0.869,0.14,0.161,0.221,0.22,0.158,0.209,0.164,0.755,0.343,0.955,0.922,0.912,0.859,0.879,0.788,0.805,0.904,0.921,0.826,0.843,0.184,0.133,0.382,0.117,0.175,0.154,0.137,0.746,0.486,0.931,0.877,0.914,0.731,0.867,0.756,0.829,0.819,0.93,0.859
350,0.786,0.114,0.118,0.145,0.115,0.14,0.191,0.125,0.475,0.222,0.892,0.835,0.837,0.647,0.74,0.652,0.733,0.717,0.729,0.679,0.874,0.146,0.166,0.233,0.23,0.161,0.219,0.166,0.761,0.347,0.96,0.928,0.916,0.868,0.884,0.792,0.811,0.91,0.928,0.837,0.85,0.189,0.14,0.39,0.118,0.177,0.155,0.138,0.752,0.494,0.937,0.885,0.918,0.739,0.873,0.757,0.839,0.828,0.935,0.871
355,0.788,0.115,0.12,0.15,0.117,0.143,0.198,0.126,0.479,0.227,0.899,0.839,0.841,0.655,0.746,0.655,0.738,0.722,0.735,0.688,0.88,0.146,0.169,0.246,0.241,0.164,0.23,0.169,0.766,0.354,0.964,0.935,0.921,0.876,0.894,0.795,0.814,0.918,0.933,0.845,0.857,0.19,0.139,0.4,0.119,0.177,0.159,0.141,0.76,0.503,0.941,0.89,0.926,0.74,0.881,0.761,0.837,0.835,0.94,0.879
360,0.792,0.114,0.119,0.155,0.116,0.145,0.206,0.128,0.482,0.233,0.902,0.847,0.846,0.661,0.752,0.661,0.741,0.728,0.742,0.695,0.884,0.147,0.171,0.268,0.252,0.165,0.237,0.171,0.774,0.36,0.967,0.94,0.928,0.885,0.898,0.799,0.819,0.924,0.941,0.853,0.864,0.195,0.143,0.411,0.12,0.181,0.161,0.142,0.768,0.512,0.946,0.898,0.931,0.748,0.888,0.763,0.845,0.843,0.945,0.889
365,0.798,0.115,0.122,0.16,0.116,0.147,0.214,0.129,0.486,0.237,0.906,0.853,0.851,0.668,0.758,0.665,0.746,0.737,0.746,0.703,0.883,0.145,0.167,0.292,0.263,0.169,0.248,0.175,0.782,0.367,0.972,0.948,0.933,0.892,0.902,0.804,0.823,0.932,0.946,0.867,0.867,0.197,0.143,0.419,0.122,0.181,0.165,0.144,0.774,0.516,0.951,0.902,0.939,0.757,0.893,0.768,0.841,0.849,0.951,0.901
370,0.799,0.115,0.123,0.168,0.118,0.146,0.223,0.13,0.491,0.241,0.911,0.859,0.855,0.675,0.763,0.67,0.747,0.742,0.751,0.713,0.894,0.147,0.175,0.315,0.274,0.174,0.257,0.178,0.791,0.374,0.974,0.954,0.939,0.9,0.908,0.805,0.827,0.938,0.954,0.873,0.871,0.201,0.142,0.43,0.122,0.18,0.168,0.146,0.782,0.52,0.955,0.906,0.945,0.762,0.901,0.77,0.846,0.856,0.951,0.91
375,0.808,0.122,0.124,0.176,0.119,0.149,0.232,0.131,0.496,0.245,0.917,0.862,0.861,0.68,0.768,0.671,0.751,0.748,0.754,0.723,0.905,0.152,0.18,0.334,0.287,0.18,0.266,0.181,0.797,0.382,0.976,0.96,0.942,0.909,0.91,0.807,0.829,0.944,0.955,0.883,0.875,0.213,0.143,0.438,0.124,0.184,0.172,0.148,0.789,0.523,0.958,0.913,0.953,0.768,0.905,0.774,0.847,0.864,0.958,0.92
380,0.808,0.119,0.126,0.183,0.122,0.149,0.244,0.131,0.502,0.249,0.919,0.869,0.867,0.684,0.773,0.672,0.754,0.753,0.76,0.73,0.91,0.153,0.181,0.349,0.296,0.183,0.272,0.185,0.804,0.388,0.978,0.966,0.947,0.915,0.914,0.808,0.836,0.95,0.963,0.892,0.891,0.218,0.147,0.448,0.126,0.185,0.176,0.15,0.796,0.528,0.961,0.92,0.957,0.777,0.908,0.775,0.85,0.865,0.96,0.929
385,0.816,0.12,0.126,0.191,0.122,0.15,0.255,0.133,0.507,0.254,0.923,0.874,0.87,0.688,0.779,0.679,0.757,0.757,0.764,0.736,0.927,0.162,0.187,0.359,0.307,0.186,0.278,0.188,0.809,0.397,0.979,0.97,0.953,0.921,0.915,0.808,0.837,0.955,0.967,0.9,0.897,0.223,0.153,0.455,0.128,0.188,0.178,0.151,0.804,0.534,0.963,0.926,0.959,0.781,0.912,0.778,0.853,0.873,0.965,0.937
390,0.821,0.121,0.13,0.192,0.125,0.151,0.264,0.135,0.513,0.259,0.927,0.879,0.877,0.693,0.783,0.678,0.76,0.763,0.768,0.744,0.932,0.163,0.221,0.364,0.324,0.189,0.285,0.193,0.817,0.404,0.979,0.977,0.956,0.927,0.922,0.81,0.838,0.959,0.971,0.909,0.889,0.228,0.171,0.462,0.13,0.187,0.184,0.154,0.809,0.542,0.965,0.93,0.962,0.784,0.918,0.777,0.85,0.877,0.967,0.941
395,0.821,0.125,0.133,0.225,0.126,0.152,0.273,0.137,0.519,0.264,0.93,0.882,0.879,0.698,0.789,0.683,0.763,0.767,0.773,0.752,0.919,0.164,0.227,0.375,0.34,0.193,0.291,0.196,0.823,0.412,0.981,0.982,0.956,0.931,0.927,0.809,0.842,0.963,0.972,0.909,0.896,0.234,0.177,0.474,0.134,0.19,0.189,0.157,0.816,0.549,0.965,0.935,0.966,0.792,0.921,0.779,0.852,0.883,0.963,0.953
400,0.825,0.128,0.134,0.201,0.128,0.151,0.28,0.139,0.527,0.27,0.932,0.888,0.884,0.702,0.794,0.687,0.766,0.772,0.777,0.762,0.924,0.163,0.225,0.386,0.355,0.195,0.299,0.2,0.829,0.42,0.982,0.986,0.952,0.937,0.929,0.81,0.847,0.965,0.974,0.92,0.898,0.246,0.184,0.481,0.135,0.194,0.194,0.162,0.82,0.557,0.967,0.94,0.97,0.796,0.927,0.778,0.852,0.885,0.968,0.954
405,0.834,0.127,0.139,0.238,0.13,0.153,0.288,0.141,0.533,0.275,0.934,0.893,0.891,0.706,0.8,0.687,0.769,0.777,0.78,0.769,0.936,0.178,0.228,0.398,0.375,0.197,0.306,0.206,0.837,0.427,0.982,0.991,0.952,0.942,0.929,0.81,0.839,0.968,0.972,0.928,0.894,0.268,0.209,0.487,0.138,0.198,0.201,0.165,0.825,0.564,0.967,0.945,0.966,0.803,0.931,0.78,0.854,0.888,0.972,0.96
410,0.842,0.126,0.136,0.222,0.134,0.152,0.296,0.144,0.539,0.281,0.937,0.899,0.893,0.709,0.801,0.69,0.771,0.78,0.784,0.775,0.93,0.169,0.226,0.407,0.387,0.198,0.315,0.212,0.842,0.434,0.986,0.995,0.954,0.947,0.93,0.811,0.838,0.968,0.978,0.931,0.899,0.272,0.217,0.499,0.142,0.199,0.206,0.168,0.83,0.571,0.97,0.95,0.968,0.805,0.932,0.782,0.851,0.89,0.97,0.965
415,0.86,0.127,0.139,0.234,0.136,0.153,0.304,0.147,0.545,0.288,0.94,0.902,0.897,0.715,0.806,0.692,0.774,0.782,0.788,0.783,0.934,0.172,0.234,0.416,0.394,0.199,0.323,0.217,0.844,0.438,0.986,0.999,0.958,0.95,0.931,0.812,0.845,0.968,0.976,0.937,0.913,0.301,0.216,0.504,0.145,0.198,0.214,0.172,0.832,0.578,0.972,0.954,0.969,0.812,0.934,0.779,0.85,0.891,0.969,0.962
420,0.866,0.134,0.14,0.24,0.139,0.155,0.311,0.148,0.552,0.293,0.94,0.906,0.9,0.717,0.81,0.698,0.775,0.788,0.792,0.79,0.931,0.175,0.244,0.427,0.401,0.203,0.332,0.224,0.849,0.442,0.988,1.004,0.956,0.951,0.93,0.81,0.845,0.971,0.974,0.94,0.916,0.316,0.213,0.511,0.148,0.193,0.22,0.176,0.835,0.587,0.974,0.959,0.967,0.815,0.935,0.783,0.85,0.894,0.967,0.969
425,0.859,0.133,0.141,0.25,0.143,0.16,0.319,0.151,0.558,0.299,0.943,0.911,0.905,0.723,0.814,0.697,0.778,0.789,0.794,0.794,0.934,0.186,0.261,0.437,0.41,0.211,0.34,0.231,0.852,0.444,0.99,1.007,0.957,0.955,0.931,0.812,0.844,0.972,0.975,0.948,0.917,0.341,0.219,0.515,0.153,0.196,0.223,0.18,0.836,0.593,0.974,0.963,0.967,0.818,0.937,0.783,0.846,0.888,0.971,0.968
430,0.866,0.141,0.142,0.256,0.144,0.164,0.326,0.154,0.563,0.304,0.943,0.913,0.908,0.727,0.816,0.699,0.778,0.796,0.799,0.806,0.936,0.192,0.26,0.443,0.418,0.214,0.35,0.238,0.854,0.449,0.99,1.011,0.956,0.957,0.931,0.81,0.846,0.973,0.977,0.949,0.918,0.374,0.224,0.528,0.157,0.199,0.227,0.182,0.838,0.601,0.975,0.967,0.971,0.827,0.938,0.782,0.846,0.893,0.971,0.975
435,0.864,0.134,0.146,0.265,0.146,0.161,0.335,0.156,0.569,0.311,0.944,0.917,0.911,0.731,0.821,0.701,0.782,0.798,0.799,0.807,0.942,0.184,0.259,0.453,0.426,0.211,0.357,0.246,0.856,0.455,0.989,1.013,0.956,0.958,0.933,0.811,0.841,0.974,0.972,0.948,0.918,0.345,0.228,0.533,0.162,0.204,0.232,0.187,0.839,0.608,0.975,0.971,0.972,0.83,0.939,0.784,0.843,0.894,0.969,0.977
440,0.87,0.134,0.152,0.289,0.15,0.158,0.342,0.159,0.576,0.316,0.944,0.921,0.916,0.734,0.824,0.703,0.782,0.802,0.803,0.818,0.959,0.197,0.264,0.464,0.433,0.212,0.367,0.255,0.86,0.461,0.992,1.016,0.953,0.958,0.93,0.811,0.84,0.976,0.971,0.957,0.913,0.351,0.234,0.541,0.165,0.208,0.236,0.193,0.841,0.614,0.976,0.975,0.967,0.83,0.939,0.784,0.844,0.891,0.971,0.977
445,0.865,0.138,0.151,0.284,0.154,0.159,0.35,0.162,0.58,0.323,0.945,0.923,0.917,0.739,0.827,0.705,0.785,0.803,0.805,0.82,0.962,0.199,0.264,0.471,0.442,0.216,0.375,0.262,0.858,0.47,0.992,1.02,0.951,0.96,0.93,0.809,0.842,0.977,0.975,0.955,0.914,0.365,0.236,0.55,0.171,0.211,0.239,0.196,0.842,0.622,0.977,0.977,0.969,0.832,0.939,0.782,0.844,0.896,0.973,0.981
450,0.864,0.14,0.158,0.289,0.159,0.159,0.358,0.166,0.586,0.329,0.947,0.927,0.917,0.743,0.831,0.706,0.785,0.81,0.807,0.829,0.964,0.205,0.267,0.481,0.447,0.213,0.385,0.271,0.86,0.474,0.992,1.022,0.951,0.961,0.929,0.811,0.841,0.979,0.973,0.962,0.916,0.379,0.243,0.556,0.177,0.213,0.244,0.2,0.843,0.63,0.979,0.98,0.968,0.839,0.94,0.783,0.841,0.894,0.97,0.986
455,0.861,0.145,0.164,0.359,0.166,0.16,0.365,0.168,0.591,0.335,0.948,0.932,0.914,0.746,0.833,0.707,0.785,0.814,0.811,0.834,0.963,0.205,0.27,0.49,0.455,0.217,0.393,0.278,0.863,0.482,0.992,1.021,0.951,0.96,0.929,0.811,0.838,0.979,0.972,0.968,0.926,0.388,0.246,0.562,0.183,0.215,0.249,0.205,0.846,0.635,0.979,0.983,0.966,0.839,0.939,0.785,0.842,0.895,0.971,0.984
460,0.863,0.147,0.192,0.361,0.168,0.162,0.374,0.171,0.595,0.341,0.949,0.934,0.918,0.749,0.835,0.709,0.788,0.817,0.813,0.842,0.962,0.233,0.274,0.499,0.462,0.221,0.4,0.287,0.864,0.489,0.994,1.023,0.951,0.961,0.93,0.812,0.837,0.981,0.973,0.969,0.928,0.392,0.255,0.571,0.19,0.218,0.254,0.21,0.845,0.64,0.978,0.986,0.963,0.843,0.941,0.784,0.843,0.893,0.974,0.988
465,0.861,0.151,0.189,0.317,0.176,0.164,0.382,0.173,0.6,0.346,0.949,0.938,0.919,0.754,0.836,0.709,0.789,0.82,0.815,0.848,0.961,0.253,0.279,0.509,0.47,0.224,0.404,0.295,0.864,0.496,0.993,1.025,0.95,0.963,0.928,0.81,0.837,0.982,0.974,0.973,0.928,0.396,0.263,0.575,0.198,0.22,0.258,0.214,0.845,0.65,0.979,0.988,0.963,0.844,0.942,0.784,0.843,0.895,0.976,0.996
470,0.868,0.157,0.208,0.317,0.184,0.166,0.389,0.176,0.606,0.352,0.95,0.941,0.919,0.759,0.838,0.711,0.792,0.823,0.817,0.853,0.958,0.229,0.283,0.517,0.479,0.23,0.408,0.305,0.865,0.503,0.994,1.027,0.951,0.962,0.93,0.809,0.837,0.984,0.978,0.974,0.933,0.401,0.272,0.584,0.205,0.221,0.264,0.221,0.846,0.653,0.98,0.989,0.963,0.842,0.944,0.782,0.842,0.897,0.975,0.993
475,0.879,0.156,0.206,0.39,0.191,0.17,0.396,0.18,0.611,0.357,0.949,0.945,0.921,0.761,0.842,0.711,0.792,0.825,0.82,0.861,0.958,0.248,0.289,0.526,0.489,0.24,0.411,0.313,0.868,0.509,0.992,1.028,0.95,0.962,0.929,0.809,0.835,0.986,0.979,0.98,0.933,0.405,0.28,0.585,0.215,0.222,0.269,0.225,0.847,0.659,0.98,0.99,0.963,0.843,0.944,0.783,0.843,0.897,0.975,0.989
480,0.881,0.164,0.215,0.364,0.196,0.174,0.404,0.183,0.615,0.36,0.95,0.947,0.917,0.762,0.842,0.71,0.793,0.83,0.821,0.867,0.967,0.26,0.296,0.535,0.497,0.244,0.417,0.322,0.867,0.517,0.994,1.031,0.951,0.962,0.932,0.808,0.835,0.985,0.979,0.985,0.935,0.409,0.287,0.59,0.224,0.223,0.275,0.23,0.848,0.664,0.979,0.993,0.962,0.842,0.945,0.784,0.841,0.895,0.977,0.995
485,0.886,0.164,0.24,0.365,0.206,0.177,0.411,0.187,0.62,0.362,0.951,0.95,0.919,0.766,0.845,0.709,0.795,0.832,0.823,0.87,0.961,0.273,0.299,0.544,0.507,0.25,0.423,0.332,0.866,0.524,0.995,1.031,0.951,0.961,0.932,0.808,0.834,0.986,0.973,0.982,0.934,0.417,0.296,0.591,0.236,0.226,0.283,0.236,0.849,0.669,0.979,0.991,0.965,0.846,0.945,0.782,0.845,0.899,0.976,0.995
490,0.896,0.176,0.245,0.373,0.208,0.18,0.418,0.191,0.624,0.365,0.952,0.951,0.917,0.772,0.847,0.709,0.793,0.836,0.825,0.88,0.952,0.298,0.307,0.553,0.515,0.252,0.431,0.341,0.87,0.533,0.994,1.032,0.953,0.961,0.933,0.806,0.834,0.987,0.973,0.982,0.939,0.429,0.305,0.594,0.249,0.228,0.289,0.241,0.849,0.676,0.98,0.995,0.964,0.844,0.947,0.783,0.843,0.898,0.977,0.996
495,0.897,0.185,0.246,0.347,0.213,0.182,0.425,0.195,0.628,0.368,0.952,0.956,0.916,0.773,0.849,0.71,0.793,0.842,0.829,0.882,0.954,0.287,0.315,0.561,0.524,0.255,0.438,0.348,0.87,0.537,0.993,1.033,0.954,0.962,0.934,0.805,0.836,0.988,0.976,0.985,0.934,0.435,0.313,0.603,0.258,0.23,0.294,0.248,0.849,0.682,0.98,0.995,0.967,0.844,0.945,0.782,0.844,0.899,0.974,1.001
500,0.897,0.187,0.251,0.425,0.219,0.186,0.432,0.198,0.632,0.372,0.952,0.959,0.914,0.775,0.85,0.71,0.794,0.842,0.83,0.885,0.955,0.296,0.322,0.57,0.531,0.257,0.446,0.357,0.869,0.544,0.993,1.034,0.957,0.961,0.934,0.806,0.834,0.988,0.974,0.988,0.939,0.447,0.321,0.609,0.271,0.233,0.302,0.255,0.85,0.686,0.979,0.994,0.965,0.842,0.949,0.781,0.843,0.9,0.974,1.007
505,0.898,0.199,0.258,0.423,0.227,0.189,0.436,0.203,0.636,0.377,0.951,0.96,0.914,0.779,0.852,0.709,0.792,0.849,0.829,0.891,0.957,0.298,0.331,0.58,0.534,0.262,0.456,0.367,0.872,0.552,0.993,1.035,0.957,0.963,0.936,0.805,0.836,0.987,0.979,0.983,0.942,0.46,0.33,0.61,0.287,0.235,0.309,0.261,0.85,0.69,0.98,0.998,0.968,0.847,0.949,0.78,0.843,0.899,0.975,1.012
510,0.892,0.211,0.264,0.429,0.234,0.192,0.438,0.208,0.64,0.382,0.952,0.963,0.912,0.781,0.853,0.709,0.794,0.849,0.831,0.893,0.96,0.31,0.339,0.588,0.539,0.268,0.462,0.375,0.871,0.557,0.993,1.036,0.958,0.961,0.935,0.805,0.835,0.989,0.978,0.988,0.94,0.468,0.342,0.617,0.301,0.239,0.317,0.267,0.85,0.697,0.979,0.996,0.971,0.85,0.95,0.779,0.844,0.899,0.975,1.011
515,0.894,0.209,0.269,0.441,0.239,0.193,0.442,0.212,0.643,0.387,0.952,0.966,0.914,0.784,0.855,0.709,0.793,0.853,0.832,0.895,0.96,0.341,0.346,0.597,0.544,0.274,0.468,0.385,0.873,0.565,0.993,1.037,0.959,0.962,0.936,0.803,0.835,0.991,0.979,0.988,0.943,0.477,0.343,0.62,0.308,0.242,0.321,0.275,0.853,0.7,0.981,0.998,0.971,0.848,0.951,0.778,0.842,0.904,0.978,1.011
520,0.886,0.22,0.275,0.444,0.24,0.194,0.446,0.217,0.647,0.392,0.952,0.969,0.912,0.787,0.857,0.709,0.793,0.858,0.831,0.9,0.964,0.348,0.354,0.605,0.549,0.279,0.476,0.394,0.874,0.572,0.993,1.038,0.962,0.962,0.937,0.804,0.835,0.992,0.979,0.986,0.938,0.486,0.355,0.626,0.315,0.247,0.323,0.281,0.855,0.704,0.979,1.001,0.971,0.846,0.952,0.78,0.842,0.906,0.982,1.014
525,0.885,0.237,0.281,0.435,0.247,0.197,0.45,0.221,0.652,0.397,0.953,0.97,0.912,0.788,0.858,0.708,0.79,0.858,0.833,0.901,0.966,0.348,0.358,0.614,0.555,0.285,0.484,0.403,0.875,0.579,0.993,1.039,0.963,0.961,0.937,0.803,0.836,0.992,0.977,0.973,0.942,0.499,0.362,0.635,0.322,0.25,0.327,0.289,0.859,0.705,0.979,1.003,0.972,0.847,0.951,0.779,0.84,0.903,0.981,1.003
530,0.883,0.267,0.29,0.507,0.254,0.197,0.456,0.227,0.655,0.402,0.953,0.972,0.912,0.79,0.859,0.707,0.791,0.855,0.834,0.907,0.965,0.354,0.362,0.621,0.563,0.29,0.493,0.413,0.876,0.585,0.993,1.038,0.964,0.961,0.94,0.802,0.834,0.991,0.978,0.992,0.938,0.503,0.373,0.641,0.332,0.254,0.333,0.297,0.86,0.708,0.979,1.003,0.974,0.85,0.954,0.777,0.841,0.902,0.981,1.017
535,0.887,0.263,0.296,0.485,0.262,0.199,0.462,0.232,0.658,0.405,0.953,0.974,0.913,0.792,0.86,0.708,0.79,0.86,0.835,0.912,0.966,0.352,0.367,0.627,0.57,0.295,0.502,0.421,0.875,0.592,0.993,1.039,0.964,0.961,0.938,0.801,0.835,0.991,0.979,0.993,0.93,0.51,0.342,0.644,0.345,0.258,0.339,0.305,0.86,0.71,0.979,1.003,0.973,0.847,0.956,0.777,0.84,0.904,0.98,1.019
540,0.894,0.258,0.304,0.49,0.271,0.201,0.469,0.238,0.662,0.41,0.952,0.976,0.914,0.79,0.86,0.706,0.787,0.861,0.834,0.91,0.962,0.355,0.372,0.63,0.578,0.301,0.507,0.429,0.876,0.595,0.993,1.038,0.966,0.96,0.939,0.802,0.834,0.99,0.979,1.016,0.935,0.524,0.379,0.65,0.354,0.263,0.348,0.312,0.861,0.71,0.979,1.005,0.972,0.846,0.955,0.778,0.842,0.907,0.98,1.015
545,0.894,0.286,0.311,0.484,0.28,0.203,0.474,0.244,0.664,0.415,0.954,0.976,0.914,0.791,0.862,0.705,0.787,0.861,0.834,0.912,0.966,0.362,0.38,0.635,0.585,0.308,0.516,0.438,0.882,0.6,0.992,1.039,0.967,0.96,0.942,0.8,0.833,0.989,0.979,1.028,0.928,0.538,0.361,0.662,0.364,0.269,0.355,0.32,0.865,0.712,0.979,1.007,0.975,0.848,0.954,0.778,0.842,0.908,0.981,1.022
550,0.898,0.272,0.318,0.514,0.293,0.207,0.483,0.248,0.669,0.42,0.953,0.977,0.917,0.795,0.86,0.704,0.785,0.862,0.836,0.916,0.961,0.366,0.386,0.639,0.593,0.314,0.522,0.447,0.88,0.606,0.992,1.04,0.967,0.96,0.939,0.8,0.834,0.993,0.979,1.016,0.931,0.542,0.443,0.679,0.378,0.273,0.362,0.329,0.864,0.713,0.978,1.007,0.975,0.847,0.957,0.777,0.842,0.908,0.982,1.035
555,0.898,0.288,0.328,0.521,0.297,0.208,0.489,0.255,0.671,0.424,0.953,0.98,0.917,0.79,0.861,0.704,0.784,0.861,0.836,0.915,0.963,0.378,0.395,0.646,0.598,0.319,0.528,0.456,0.877,0.611,0.993,1.039,0.964,0.959,0.941,0.798,0.834,0.995,0.981,1.033,0.92,0.554,0.376,0.671,0.39,0.278,0.373,0.336,0.863,0.714,0.979,1.008,0.978,0.85,0.958,0.779,0.843,0.909,0.982,1.028
560,0.897,0.301,0.336,0.538,0.309,0.21,0.494,0.262,0.673,0.429,0.954,0.981,0.916,0.794,0.861,0.703,0.784,0.861,0.835,0.915,0.958,0.385,0.401,0.652,0.605,0.325,0.537,0.466,0.88,0.616,0.993,1.04,0.967,0.959,0.942,0.798,0.834,0.994,0.979,1.006,0.922,0.566,0.478,0.668,0.398,0.282,0.379,0.345,0.868,0.714,0.978,1.008,0.976,0.848,0.956,0.777,0.841,0.912,0.983,1.016
565,0.897,0.311,0.342,0.554,0.339,0.212,0.502,0.268,0.677,0.433,0.953,0.983,0.918,0.793,0.861,0.702,0.782,0.862,0.836,0.922,0.951,0.396,0.409,0.659,0.611,0.332,0.543,0.473,0.882,0.623,0.993,1.04,0.968,0.959,0.94,0.799,0.832,0.995,0.982,1.027,0.919,0.572,0.462,0.7,0.407,0.287,0.387,0.354,0.866,0.715,0.978,1.009,0.977,0.844,0.957,0.778,0.841,0.91,0.984,1.031
570,0.898,0.315,0.349,0.563,0.311,0.217,0.508,0.275,0.679,0.439,0.954,0.982,0.919,0.796,0.861,0.702,0.782,0.864,0.836,0.916,0.948,0.401,0.415,0.668,0.619,0.336,0.551,0.478,0.88,0.628,0.994,1.04,0.969,0.958,0.942,0.798,0.83,0.996,0.982,1.033,0.919,0.585,0.458,0.678,0.417,0.291,0.395,0.364,0.864,0.717,0.978,1.009,0.977,0.845,0.958,0.777,0.84,0.911,0.984,1.029
575,0.896,0.319,0.356,0.568,0.318,0.22,0.515,0.281,0.682,0.443,0.954,0.985,0.918,0.794,0.861,0.702,0.781,0.863,0.835,0.917,0.938,0.411,0.423,0.674,0.627,0.342,0.555,0.481,0.88,0.632,0.993,1.04,0.968,0.958,0.942,0.798,0.834,0.996,0.98,0.998,0.943,0.59,0.453,0.682,0.427,0.295,0.404,0.369,0.868,0.717,0.977,1.01,0.981,0.848,0.957,0.779,0.84,0.915,0.984,1.038
580,0.898,0.322,0.365,0.569,0.324,0.222,0.522,0.287,0.684,0.447,0.954,0.984,0.92,0.795,0.861,0.701,0.778,0.862,0.836,0.911,0.932,0.424,0.43,0.683,0.634,0.348,0.563,0.485,0.882,0.638,0.993,1.038,0.969,0.959,0.944,0.798,0.831,0.996,0.983,1.021,0.925,0.6,0.492,0.693,0.436,0.301,0.413,0.379,0.871,0.717,0.978,1.012,0.981,0.845,0.957,0.776,0.84,0.912,0.985,1.032
585,0.9,0.325,0.372,0.57,0.327,0.227,0.528,0.293,0.689,0.451,0.954,0.984,0.919,0.793,0.86,0.7,0.778,0.862,0.835,0.923,0.936,0.431,0.437,0.691,0.642,0.354,0.57,0.489,0.882,0.643,0.993,1.039,0.972,0.959,0.943,0.798,0.832,0.994,0.984,1.029,0.924,0.612,0.5,0.691,0.444,0.307,0.421,0.387,0.87,0.718,0.977,1.01,0.98,0.842,0.958,0.778,0.841,0.915,0.986,1.029
590,0.899,0.324,0.379,0.593,0.333,0.23,0.535,0.302,0.691,0.457,0.955,0.986,0.921,0.796,0.861,0.699,0.778,0.861,0.835,0.931,0.939,0.443,0.445,0.697,0.647,0.36,0.574,0.495,0.882,0.647,0.994,1.038,0.972,0.958,0.944,0.797,0.832,0.996,0.983,1.008,0.917,0.62,0.48,0.707,0.453,0.31,0.428,0.396,0.866,0.719,0.977,1.011,0.979,0.844,0.958,0.777,0.844,0.915,0.985,1.042
595,0.897,0.329,0.387,0.609,0.34,0.232,0.542,0.307,0.692,0.461,0.955,0.987,0.92,0.795,0.86,0.698,0.776,0.86,0.836,0.915,0.93,0.452,0.451,0.705,0.655,0.364,0.583,0.502,0.883,0.65,0.993,1.036,0.973,0.958,0.944,0.797,0.832,0.997,0.981,1.015,0.925,0.629,0.483,0.726,0.463,0.314,0.436,0.404,0.868,0.721,0.978,1.01,0.981,0.844,0.957,0.777,0.843,0.914,0.986,1.04
600,0.886,0.336,0.393,0.602,0.345,0.237,0.548,0.313,0.694,0.466,0.955,0.987,0.921,0.795,0.859,0.699,0.776,0.862,0.835,0.925,0.934,0.466,0.458,0.711,0.661,0.37,0.587,0.509,0.881,0.655,0.995,1.038,0.972,0.958,0.944,0.794,0.835,0.997,0.983,1.013,0.915,0.638,0.496,0.734,0.47,0.319,0.445,0.412,0.866,0.72,0.977,1.012,0.98,0.844,0.958,0.776,0.846,0.916,0.985,1.029
605,0.898,0.345,0.4,0.63,0.402,0.24,0.553,0.32,0.697,0.472,0.954,0.988,0.921,0.793,0.859,0.696,0.773,0.859,0.836,0.926,0.938,0.475,0.464,0.718,0.666,0.375,0.591,0.516,0.879,0.657,0.994,1.035,0.972,0.959,0.945,0.797,0.834,0.999,0.983,1.004,0.918,0.644,0.503,0.758,0.48,0.325,0.452,0.417,0.869,0.721,0.977,1.011,0.98,0.843,0.958,0.777,0.838,0.917,0.987,1.052
610,0.891,0.348,0.406,0.635,0.395,0.243,0.56,0.326,0.698,0.474,0.954,0.987,0.922,0.794,0.858,0.698,0.774,0.861,0.836,0.929,0.937,0.485,0.474,0.726,0.673,0.381,0.599,0.523,0.887,0.66,0.994,1.037,0.971,0.958,0.946,0.796,0.834,0.998,0.982,1.005,0.924,0.653,0.504,0.772,0.484,0.328,0.458,0.427,0.869,0.722,0.977,1.01,0.981,0.843,0.958,0.776,0.844,0.914,0.986,1.045
615,0.892,0.359,0.413,0.641,0.378,0.246,0.565,0.332,0.698,0.479,0.954,0.987,0.922,0.796,0.858,0.695,0.774,0.859,0.836,0.931,0.935,0.5,0.482,0.733,0.679,0.385,0.602,0.531,0.88,0.66,0.994,1.038,0.972,0.959,0.946,0.795,0.834,0.998,0.989,1.057,0.925,0.657,0.496,0.733,0.488,0.334,0.464,0.432,0.87,0.722,0.977,1.011,0.981,0.842,0.956,0.775,0.843,0.915,0.988,1.051
620,0.873,0.368,0.42,0.64,0.38,0.249,0.571,0.338,0.699,0.483,0.954,0.988,0.922,0.794,0.858,0.695,0.773,0.859,0.836,0.927,0.935,0.506,0.488,0.738,0.685,0.39,0.607,0.539,0.887,0.663,0.996,1.038,0.973,0.96,0.945,0.794,0.831,0.998,0.985,1.014,0.923,0.665,0.506,0.746,0.493,0.336,0.473,0.438,0.872,0.723,0.976,1.01,0.982,0.845,0.958,0.777,0.842,0.914,0.988,1.039
625,0.885,0.376,0.424,0.645,0.402,0.253,0.577,0.344,0.701,0.488,0.954,0.987,0.923,0.797,0.857,0.695,0.773,0.857,0.834,0.935,0.938,0.517,0.497,0.744,0.69,0.394,0.611,0.546,0.882,0.662,0.996,1.038,0.974,0.959,0.946,0.793,0.833,0.997,0.987,1.042,0.93,0.672,0.491,0.75,0.498,0.34,0.48,0.442,0.87,0.723,0.977,1.011,0.982,0.843,0.958,0.773,0.842,0.916,0.988,1.057
630,0.871,0.384,0.427,0.638,0.408,0.256,0.583,0.349,0.7,0.492,0.954,0.989,0.924,0.794,0.857,0.693,0.773,0.859,0.833,0.898,0.934,0.524,0.499,0.75,0.698,0.401,0.619,0.552,0.888,0.663,0.994,1.036,0.972,0.96,0.943,0.794,0.833,0.999,0.986,1.065,0.92,0.672,0.487,0.756,0.504,0.345,0.485,0.444,0.871,0.723,0.977,1.01,0.981,0.842,0.961,0.774,0.84,0.911,0.987,1.043
635,0.877,0.393,0.429,0.642,0.409,0.261,0.588,0.355,0.7,0.496,0.954,0.988,0.922,0.794,0.855,0.695,0.771,0.857,0.836,0.931,0.933,0.537,0.508,0.756,0.699,0.404,0.623,0.561,0.883,0.665,0.994,1.035,0.975,0.958,0.944,0.794,0.834,0.999,0.984,1.007,0.927,0.674,0.499,0.762,0.513,0.35,0.494,0.447,0.874,0.724,0.977,1.01,0.981,0.844,0.959,0.774,0.841,0.913,0.989,1.054
640,0.87,0.404,0.43,0.674,0.392,0.262,0.594,0.361,0.7,0.499,0.954,0.987,0.922,0.794,0.855,0.693,0.77,0.859,0.831,0.914,0.937,0.559,0.515,0.761,0.703,0.41,0.629,0.568,0.889,0.667,0.994,1.035,0.973,0.959,0.943,0.793,0.833,0.998,0.987,1.066,0.922,0.681,0.514,0.752,0.519,0.353,0.501,0.452,0.871,0.723,0.976,1.01,0.982,0.842,0.959,0.773,0.841,0.914,0.989,1.059
645,0.87,0.409,0.433,0.666,0.39,0.267,0.598,0.366,0.701,0.502,0.954,0.986,0.923,0.793,0.857,0.691,0.771,0.86,0.834,0.924,0.937,0.561,0.527,0.764,0.703,0.415,0.631,0.575,0.885,0.667,0.993,1.036,0.975,0.959,0.942,0.79,0.834,0.999,0.985,1.02,0.927,0.687,0.534,0.757,0.526,0.358,0.508,0.458,0.871,0.725,0.977,1.012,0.979,0.842,0.96,0.773,0.841,0.918,0.989,1.047
650,0.869,0.418,0.44,0.672,0.39,0.269,0.606,0.372,0.702,0.506,0.954,0.987,0.924,0.793,0.855,0.693,0.773,0.857,0.832,0.937,0.936,0.566,0.531,0.767,0.706,0.418,0.638,0.583,0.889,0.667,0.995,1.036,0.973,0.959,0.945,0.789,0.833,0.999,0.988,1.059,0.93,0.693,0.605,0.738,0.536,0.361,0.514,0.463,0.872,0.725,0.976,1.009,0.981,0.842,0.961,0.773,0.84,0.914,0.989,1.061
655,0.871,0.426,0.423,0.671,0.401,0.272,0.609,0.376,0.702,0.51,0.954,0.987,0.923,0.792,0.854,0.69,0.771,0.856,0.835,0.933,0.937,0.58,0.538,0.771,0.707,0.423,0.643,0.59,0.887,0.669,0.993,1.034,0.974,0.959,0.944,0.79,0.831,1.002,0.988,1.057,0.933,0.687,0.613,0.716,0.545,0.367,0.519,0.47,0.872,0.725,0.976,1.009,0.981,0.841,0.961,0.773,0.841,0.917,0.99,1.064
660,0.868,0.435,0.459,0.684,0.418,0.275,0.614,0.382,0.701,0.514,0.954,0.986,0.923,0.791,0.855,0.69,0.77,0.854,0.832,0.908,0.936,0.589,0.544,0.771,0.707,0.428,0.647,0.597,0.885,0.67,0.992,1.033,0.974,0.958,0.944,0.789,0.833,1,0.987,1.06,0.942,0.693,0.662,0.745,0.552,0.369,0.528,0.476,0.875,0.723,0.975,1.01,0.98,0.841,0.961,0.772,0.842,0.916,0.991,1.063
665,0.88,0.44,0.48,0.684,0.474,0.279,0.619,0.387,0.701,0.517,0.954,0.987,0.923,0.791,0.853,0.691,0.77,0.854,0.831,0.915,0.941,0.593,0.546,0.776,0.711,0.434,0.65,0.602,0.889,0.67,0.993,1.036,0.974,0.959,0.945,0.79,0.833,1,0.988,1.062,0.94,0.691,0.66,0.723,0.561,0.375,0.534,0.481,0.877,0.724,0.976,1.011,0.98,0.841,0.961,0.772,0.839,0.916,0.99,1.067
670,0.869,0.451,0.424,0.661,0.505,0.282,0.623,0.391,0.702,0.52,0.954,0.985,0.924,0.79,0.852,0.69,0.769,0.854,0.833,0.917,0.939,0.607,0.557,0.776,0.71,0.439,0.656,0.61,0.888,0.67,0.992,1.034,0.973,0.958,0.942,0.788,0.833,1,0.989,1.075,0.932,0.698,0.655,0.724,0.568,0.378,0.54,0.489,0.877,0.725,0.976,1.009,0.981,0.843,0.963,0.771,0.839,0.919,0.989,1.046
675,0.869,0.457,0.465,0.658,0.471,0.285,0.628,0.393,0.701,0.523,0.954,0.985,0.922,0.788,0.851,0.689,0.77,0.854,0.833,0.939,0.941,0.613,0.564,0.777,0.711,0.441,0.659,0.615,0.891,0.671,0.992,1.032,0.975,0.958,0.945,0.789,0.832,1.001,0.987,1.008,0.94,0.697,0.587,0.731,0.578,0.381,0.544,0.493,0.877,0.724,0.975,1.009,0.98,0.842,0.961,0.772,0.839,0.92,0.99,1.05
680,0.865,0.464,0.495,0.662,0.486,0.288,0.633,0.395,0.701,0.527,0.955,0.985,0.922,0.792,0.852,0.689,0.771,0.855,0.832,0.944,0.941,0.621,0.57,0.779,0.714,0.448,0.662,0.622,0.889,0.672,0.993,1.032,0.973,0.957,0.944,0.789,0.832,1.002,0.985,1.017,0.946,0.702,0.596,0.771,0.585,0.386,0.55,0.501,0.877,0.724,0.975,1.009,0.981,0.841,0.961,0.77,0.839,0.92,0.99,1.053
685,0.867,0.472,0.481,0.667,0.532,0.291,0.637,0.397,0.701,0.529,0.954,0.982,0.923,0.789,0.851,0.69,0.769,0.852,0.831,0.928,0.94,0.625,0.578,0.781,0.715,0.451,0.666,0.629,0.889,0.67,0.993,1.034,0.975,0.958,0.947,0.789,0.834,1.002,0.985,1.014,0.937,0.7,0.609,0.763,0.594,0.39,0.554,0.507,0.881,0.724,0.975,1.01,0.981,0.839,0.961,0.771,0.84,0.919,0.991,1.073
690,0.871,0.482,0.516,0.679,0.542,0.293,0.643,0.402,0.7,0.533,0.954,0.982,0.923,0.788,0.85,0.688,0.77,0.851,0.832,0.945,0.939,0.632,0.582,0.783,0.714,0.455,0.666,0.636,0.89,0.673,0.991,1.031,0.974,0.956,0.945,0.789,0.834,1.002,0.988,1.076,0.94,0.702,0.616,0.777,0.602,0.393,0.56,0.513,0.88,0.726,0.974,1.01,0.98,0.841,0.961,0.77,0.84,0.919,0.989,1.07
695,0.866,0.489,0.467,0.679,0.549,0.297,0.643,0.405,0.702,0.535,0.954,0.981,0.923,0.788,0.849,0.687,0.768,0.853,0.833,0.939,0.945,0.642,0.59,0.784,0.716,0.459,0.669,0.641,0.894,0.672,0.991,1.033,0.973,0.957,0.945,0.787,0.832,1.003,0.985,1.056,0.945,0.711,0.627,0.743,0.607,0.398,0.565,0.521,0.881,0.726,0.975,1.009,0.981,0.841,0.962,0.77,0.84,0.921,0.99,1.073
700,0.867,0.495,0.531,0.68,0.559,0.3,0.649,0.41,0.701,0.54,0.954,0.982,0.922,0.789,0.849,0.687,0.769,0.853,0.832,0.94,0.944,0.643,0.591,0.785,0.717,0.464,0.668,0.646,0.893,0.673,0.993,1.033,0.974,0.957,0.946,0.787,0.836,1.002,0.986,1.068,0.938,0.707,0.637,0.749,0.615,0.401,0.571,0.525,0.88,0.725,0.975,1.01,0.981,0.839,0.961,0.772,0.842,0.92,0.989,1.074
705,0.865,0.502,0.533,0.683,0.551,0.302,0.654,0.414,0.701,0.541,0.954,0.983,0.922,0.787,0.849,0.686,0.769,0.851,0.832,0.943,0.948,0.644,0.599,0.785,0.718,0.468,0.669,0.652,0.893,0.673,0.992,1.033,0.974,0.956,0.945,0.787,0.833,1.005,0.985,1.063,0.938,0.715,0.638,0.743,0.621,0.407,0.577,0.53,0.881,0.725,0.975,1.009,0.981,0.837,0.961,0.77,0.84,0.921,0.991,1.069
710,0.865,0.508,0.49,0.687,0.558,0.306,0.658,0.42,0.7,0.543,0.943,0.979,0.922,0.789,0.848,0.685,0.769,0.849,0.832,0.937,0.947,0.652,0.603,0.786,0.718,0.472,0.669,0.657,0.894,0.674,0.993,1.032,0.975,0.956,0.946,0.786,0.832,1.003,0.985,1.067,0.939,0.717,0.643,0.732,0.624,0.412,0.579,0.539,0.88,0.727,0.976,1.01,0.98,0.84,0.96,0.769,0.84,0.92,0.988,1.066
715,0.866,0.518,0.454,0.69,0.519,0.307,0.663,0.424,0.7,0.546,0.933,0.978,0.923,0.785,0.848,0.686,0.768,0.851,0.831,0.941,0.944,0.659,0.613,0.788,0.72,0.474,0.671,0.662,0.895,0.673,0.993,1.034,0.975,0.956,0.945,0.785,0.834,1.004,0.983,1.076,0.933,0.715,0.656,0.816,0.634,0.412,0.585,0.543,0.88,0.727,0.976,1.009,0.98,0.839,0.959,0.77,0.84,0.918,0.988,1.064
720,0.863,0.524,0.485,0.697,0.527,0.31,0.665,0.428,0.7,0.55,0.935,0.979,0.922,0.783,0.849,0.686,0.769,0.852,0.828,0.941,0.922,0.663,0.619,0.788,0.719,0.476,0.668,0.67,0.892,0.675,0.993,1.032,0.973,0.956,0.947,0.786,0.833,1.005,0.984,1.042,0.935,0.721,0.611,0.773,0.639,0.415,0.592,0.549,0.884,0.728,0.977,1.008,0.98,0.838,0.961,0.77,0.839,0.918,0.99,1.07
725,0.863,0.531,0.456,0.7,0.534,0.313,0.67,0.434,0.7,0.552,0.937,0.979,0.923,0.784,0.848,0.683,0.769,0.85,0.828,0.941,0.928,0.662,0.62,0.787,0.722,0.481,0.671,0.675,0.895,0.675,0.992,1.034,0.972,0.954,0.947,0.784,0.833,1.004,0.983,1.071,0.942,0.731,0.617,0.757,0.644,0.419,0.595,0.554,0.879,0.728,0.976,1.01,0.981,0.833,0.961,0.767,0.839,0.923,0.991,1.073
